Zipcode,Name,state
33002,Hialeah,Florida
33010,Hialeah,Florida
33011,Hialeah,Florida
33012,Hialeah,Florida
33013,Hialeah,Florida
33014,Hialeah,Florida
33015,Hialeah,Florida
33016,Hialeah,Florida
33017,Hialeah,Florida
33018,Hialeah,Florida
33030,Everglades National ,Florida
33031,Homestead,Florida
33032,Homestead,Florida
33033,Homestead,Florida
33034,Flamingo Ldge,Florida
33035,Florida City,Florida
33039,Homestead,Florida
33054,Miami,Florida
33055,Carol City,Florida
33056,Carol City,Florida
33090,Homestead,Florida
33092,Homestead,Florida
33101,Miami,Florida
33102,Miami,Florida
33109,Fisher Island,Florida
33111,Miami,Florida
33112,International Servic,Florida
33114,Coral Gables,Florida
33116,Miami,Florida
33119,Miami,Florida
33122,Air Mail Facility,Florida
33124,Coral Gables,Florida
33125,Miami,Florida
33126,Doral,Florida
33127,Miami,Florida
33128,Miami,Florida
33129,Miami,Florida
33130,Miami,Florida
33131,Miami,Florida
33132,Miami,Florida
33133,Coconut Grove,Florida
33134,Coconut Grove,Florida
33135,Miami,Florida
33136,Miami,Florida
33137,Miami,Florida
33138,El Portal,Florida
33139,Fisher Island,Florida
33140,Miami,Florida
33141,Miami,Florida
33142,Miami,Florida
33143,Coral Gables,Florida
33144,Coral Gables,Florida
33145,Coral,Florida
33146,Coconut Grove,Florida
33147,Dr Martin Luther Kin,Florida
33149,Key Biscayne,Florida
33150,El Portal,Florida
33151,Miami,Florida
33152,Miami,Florida
33153,Miami,Florida
33154,Bal Harbour,Florida
33155,Miami,Florida
33156,Coral Gables,Florida
33157,Cutler Bay,Florida
33158,C Gables,Florida
33159,Miami,Florida
33160,Aventura,Florida
33161,Barry University,Florida
33162,Mia Shores,Florida
33163,Miami,Florida
33164,Miami,Florida
33165,Miami,Florida
33166,Doral,Florida
33167,Miami,Florida
33168,Miami,Florida
33169,Miami,Florida
33170,Country Lakes,Florida
33172,Doral,Florida
33173,Kendall,Florida
33174,Miami,Florida
33175,Miami,Florida
33176,Kendall,Florida
33177,Country Lakes,Florida
33178,Doral,Florida
33179,Miami,Florida
33180,Aventura,Florida
33181,Biscayne Park,Florida
33182,Doral,Florida
33183,Kendall,Florida
33184,Miami,Florida
33185,Miami,Florida
33186,Crossings,Florida
33187,Country Lakes,Florida
33188,Florida Power & Ligh,Florida
33189,Cutler Bay,Florida
33190,Cutler Bay,Florida
33193,Kendall,Florida
33194,Father Felix Varela,Florida
33196,Kendall,Florida
33197,Miami,Florida
33199,Flinternational Univ,Florida
33222,Miami,Florida
33231,Brickell,Florida
33233,Coconut Gr,Florida
33234,C Gables,Florida
33238,Miami,Florida
33239,Carl Fisher,Florida
33242,Miami,Florida
33243,Miami,Florida
33245,Miami,Florida
33247,Miami,Florida
33255,Ludlam,Florida
33256,Kendall,Florida
33257,Miami,Florida
33261,Biscayne Park,Florida
33265,Miami,Florida
33266,Miami,Florida
33269,Miami,Florida
33280,Aventura,Florida
33283,Kendall,Florida
33296,Kendall,Florida
33299,Miami,Florida
34141,Jerome,Florida